{
  "title": "Employee resource",
  "description": "Employee resource object",
  "type": "object",
  "properties": {
    "id": {
      "description": "employee id",
      "type": "integer"
    },
    "first_name": {
      "description": "first name",
      "type": "string",
      "minLength": 1,
      "maxLength": 255
    },
    "last_name": {
      "description": "last name",
      "type": "string",
      "minLength": 1,
      "maxLength": 255
    },
    "date_of_birth": {
      "description": "date of birth",
      "type": "string",
      "format": "date",
      "minLength": 10,
      "maxLength": 255
    },
    "address": {
      "$ref":"Address.json",
      "type": "object",
      "required": true
    }
  },
  "required": [
    "first_name",
    "last_name",
    "date_of_birth"
  ]
}